description,opinion
"China recorded 4,610 new Covid-19 infections on Saturday, of which 588 were symptomatic and 4,022 were asymptomatic, the National Health Commission said, the most since May 6",
"SHANGHAI, Nov. 5, 2022 /PRNewswire/ -- The fifth China International Import Expo (CIIE) is currently under way at National Exhibition and Convention Center. ZEISS, a global leader in optics and optoelectronics, is making",
"Vital Farms, Inc. (NASDAQ:NASDAQ:VITL) Q3 2022 Earnings Conference Call November 3, 2022, 8:30 AM ET Company Participants Matt Siler - Vice President, Investor Relations Russell...",
It's one of the 20th century's most iconic photos: British archaeologist Howard Carter inspecting the sarcophagus of Tutankhamun in 1922 as an Egyptian member of his team crouches nearby shrouded in shadow.,
"'Cool, Sophisticated' Duran Duran Enter Rock Hall of Fame",
"The research, based on an analysis of electronic health records in databases maintained by the Department of Veterans Affairs, suggests that wider use of Paxlovid won't just stave off critical disease",
"China on Sunday reported its highest number of new COVID-19 infections in six months, a day after health officials said they were sticking with strict coronavirus curbs, likely disappointing recent investor hopes for an easing.  China recorded 4,610 new COVID-19 infections on Saturday, of which 588 were symptomatic and 4,022 were asymptomatic, the National Health Commission said, the most since May 6 and compared with 3,837 new cases a day earlier, of which 657 were symptomatic.  While case numbers are extremely low by global standards, China has stuck with a zero-COVID approach nearly three years into the pandemic that involves lockdowns, quarantines, frequent testing and a drastic decrease in inbound travel.",
,
"Vimeo, Inc. (NASDAQ:NASDAQ:VMEO) Q3 2022 Earnings Conference Call November 03, 2022 08:30 AM ET Company Participants Anjali Sud - CEO Gillian Munson - CFO Conference Call Participants Bill...",
The Netherlands pulled off a shock 13-run win in Adelaide on Sunday to send South Africa crashing out of the Twenty20 World Cup.,
Yordan Alvarez smashed a three-run homer and the Houston Astros captured their second World Series in six seasons on Saturday with a 4-1 victory over Philadelphia.,
"A Sri Lankan cricketer was arrested and charged Sunday over the alleged sexual assault of a woman in Sydney, police said, just hours after the national team lost to England in the Twenty20 World Cup.",
"Sunak made a last-minute decision on Nov. 2 to participate in the climate talks, reversing a plan much criticised by environmental activists and political opponents to skip the annual gathering",
Baker Finally Wins 1st Series Title as Manager With Astros,
"In the weeks leading up to the COP27 climate change summit in Egypt, groups of climate activists have staged a number of related protests",
"With  burning rubber under the neon lights, Formula One gave its fans a taste Saturday of what they can expect from next year’s Las Vegas Grand Prix while the sport’s leaders promised that this time the sport is in Sin City for the long run.",
"The team beat the Philadelphia Phillies four games to two, winning its first title since a sign-stealing scandal tarnished their 2017 championship in the eyes of many fans.",
"A businessman accused by the US of breaking international sanctions by transporting fuel to North Korea is currently in Singapore and has been under investigation there, the city-state’s police said.",
"Most Americans neither like nor dislike Latter-day Saints, and 1 in 3 Americans think they practice polygamy. SALT LAKE CITY, Nov. 5, 2022 /PRNewswire-PRWeb/ -- A new survey conducted by the B. H. Roberts Foundation",
NZ's Ardern Unveils Childcare Subsidy in Cost-of-Living Relief,
"The Milwaukee Bucks didn't miss a beat with two-time NBA MVP Giannis Antetokounmpo sidelined for the first time this season, pushing their record to 9-0 Saturday with a 108-94 victory over Oklahoma City.",
"Dixie Group (NASDAQ:NASDAQ:DXYN) Q3 2022 Earnings Conference Call November 3, 2022 14:00 ET Company Participants Dan Frierson - Chairman and Chief Executive Officer Allen Danzey - Chief...",
"After getting clearance from the concerned ministry, two male cheetahs were released in a acclimatisation enclosure of Kuno National Park in Madhya Pradesh's Sheopur district on Saturday",
"The quake rocked at 7:03 a.m. Jakarta time, with the epicenter at 69 km southwest of Kepulauan Sitaro district and the depth at 255 km under the seabed",
"Great Elm Capital Corp. (NASDAQ:NASDAQ:GECC) Q3 2022 Earnings Conference Call November 3, 2022 11:00 ET Company Participants Garrett Edson - Investor Relations Matt Kaplan - Chief Executive...",
Pakistan in 'perilous situation' after Khan assassination bid,
"The assassination attempt on former prime minister Imran Khan and his accusation it was a plot involving a senior intelligence officer has pushed Pakistan into a ""dangerous phase"", analysts say.",
"Shenandoah Telecommunications Company (NASDAQ:NASDAQ:SHEN) Q3 2022 Earnings Conference Call November 02, 2022 08:30 AM ET Company Participants Kirk Andrews - Director, Financial Planning...",
"Willscot Mobile Mini Holdings Corp (NASDAQ:NASDAQ:WSC) Q3 2022 Earnings Conference Call November 03, 2022, 10:00 ET Company Participants Nick Girardi - Director, Treasury & IR Bradley...",
"U.S. Physical Therapy, Inc.",
"Urban One, Inc. (NASDAQ:NASDAQ:UONE) Q3 2022 Earnings Conference Call November 03, 2022, 10:00 ET Company Participants Alfred Liggins - CEO, President, Treasurer & Director Peter...",
"Broadstone Net Lease, Inc. (NYSE:NYSE:BNL) Q3 2022 Earnings Conference Call November 03, 2022, 11:00 ET Company Participants Michael Caruso - SVP, Corporate Finance & IR Christopher...",
"The recurring problem of farm fires from the neighbouring states contributed 21 per cent to PM2.5 in Delhi, which was 34 per cent on Friday",
The paper quoted unnamed people familiar with the discussions as saying that the request by American officials was not aimed at pushing Ukraine to the negotiating table,
"If we want to find a potential multi-bagger, often there are underlying trends that can provide clues. One common...",
"Before you take on a roommate, here are some things to consider about what a bad roommate can do to ruin your home",
"Pfizer Inc.’s blockbuster Paxlovid antiviral that lowers rates of illness and death in people infected with the coronavirus also cuts the risk of some symptoms of disabling long Covid, a study found.",
"Watts Water Technologies, Inc. (NYSE:NYSE:WTS) Q3 2022 Earnings Conference Call November 03, 2022, 09:00 ET Company Participants Diane McClintock - SVP, FP&A and IR Robert Pagano -...",
Elon Musk's newly acquired micro-blogging platform Twitter has announced that the application will soon allow users to add long-form text to their tweets,
"Bristow Group, Inc. (NYSE:NYSE:VTOL) Q2 2023 Earnings Conference Call November 03, 2022, 10:00 ET Company Participants Redeate Tilahun - IR Christopher Bradshaw - President, CEO &...",
"RPT Realty (NYSE:NYSE:RPT) Q3 2022 Earnings Conference Call November 03, 2022 10:00 AM ET Company Participants Craig Benigno – Investor Relations Brian Harper – President and Chief...",
"Trinseo PLC (NYSE:NYSE:TSE) Q3 2022 Earnings Conference Call November 03, 2022, 10:00 ET Company Participants Andrew Myers - Finance Director, Corporate FP&A & IR Frank Bozich -...",
"Thryv Holdings, Inc. (NASDAQ:NASDAQ:THRY) Q3 2022 Earnings Conference Call November 03, 2022, 08:30 ET Company Participants Cameron Lessard - Director, IR & Capital Markets Joseph Walsh...",
"Tecnoglass, Inc. (NYSE:NYSE:TGLS) Q3 2022 Earnings Conference Call November 03, 2022, 10:00 ET Company Participants Brad Cray - ICR Jose Manuel - CEO & Director Christian Daes - COO...",
"Some stocks are best avoided. We really hate to see fellow investors lose their hard-earned money. For example, we...",
"Stoneridge, Inc. (NYSE:NYSE:SRI) Q3 2022 Earnings Conference Call November 03, 2022, 09:00 ET Company Participants Kelly Harvey - Director, IR Jonathan DeGaynor - CEO, President &...",
"Smurfit Kappa Group PLC (OTCPK:SMFTF) Q3 2022 Earnings Conference Call November 02, 2022, 04:00 ET Company Participants Anthony Smurfit - Group CEO & Executive Director Ken Bowles -...",
"Stabilis Solutions, Inc. (NASDAQ:NASDAQ:SLNG) Q3 2022 Earnings Conference Call November 03, 2022, 10:00 ET Company Participants Westervelt Ballard - President, CEO & Director Andrew...",
"Sherritt International Corporation (OTCPK:SHERF) Q3 2022 Earnings Conference Call November 03, 2022, 10:00 ET Company Participants Lucy Chitilian - Director, Investor Relations Leon...",
"Orthofix Medical, Inc. (NASDAQ:NASDAQ:OFIX) Q3 2022 Earnings Conference Call November 03, 2022, 08:30 ET Company Participants Alexa Huerta - Senior Director, IR Jon Serbousek - President,...",
"James River Group Holdings Ltd (NASDAQ:NASDAQ:JRVR) Q3 2022 Earnings Conference Call November 02, 2022, 08:00 ET Company Participants Brett Shirreffs - SVP, Finance, Investments & Head,...",
"Intevac, Inc. (NASDAQ:NASDAQ:IVAC) Q3 2022 Earnings Conference Call November 02, 2022, 16:30 ET Company Participants Claire McAdams - IR Counsel Nigel Hunton - President, CEO & Director...",
"IVERIC bio, Inc. (NASDAQ:NASDAQ:ISEE) Q3 2022 Earnings Conference Call November 03, 2022, 08:00 ET Company Participants Kathy Galante - SVP, IR & Corporate Communications Glenn...",
"Hexagon Composites ASA (OTCPK:HXGCF) Q3 2022 Earnings Conference Call November 03, 2022, 03:30 ET Company Participants Karen Romer - SVP, Communications Jon Engeset - Group President &...",
"Frontdoor, Inc. (NASDAQ:NASDAQ:FTDR) Q3 2022 Earnings Conference Call November 03, 2022, 08:30 ET Company Participants Matthew Davis - VP, IR & Treasurer William Cobb - CEO &...",
"Federal Signal Corporation (NYSE:NYSE:FSS) Q3 2022 Earnings Conference Call November 03, 2022, 10:00 ET Company Participants Ian Hudson - SVP & CFO Jennifer Sherman - President, CEO...",
"Franklin Street Properties Corporation (NYSE:NYSE:FSP) Q3 2022 Earnings Conference Call November 02, 2022, 11:00 ET Company Participants Scott Carter - EVP, General Counsel & Secretary...",
"5N Plus, Inc. (OTCPK:FPLSF) Q3 2022 Earnings Conference Call November 02, 2022, 08:00 ET Company Participants Richard Perron - CFO Gervais Jacques - President, CEO & Director Conference...",
"Frontera Energy Corporation (OTCPK:FECCF) Q3 2022 Earnings Conference Call November 02, 2022, 10:00 ET Company Participants Gabriel de Alba - Independent Chairman Orlando Cabrales - CEO...",
Assam Chief Minister Himanta Biswa Sarma on Saturday said that Assam and Meghalaya will work with the Indian Army to transform the Umiam lake into a world-class venue for aquatic sports,
French President Emmanuel Macron released a selfie video on social media platforms Saturday asking the public to send him questions about what France should do about climate change and biodiversity,
Twitter starts rolling out new paid subscription,
"Calibre Mining Corporation (OTCQX:CXBMF) Q3 2022 Earnings Conference Call November 02, 2022, 09:00 ET Company Participants Ryan King - SVP, Corporate Development & IR Darren Hall -...",
"CRA International, Inc. (NASDAQ:NASDAQ:CRAI) Q3 2022 Earnings Conference Call November 03, 2022, 10:00 ET Company Participants Daniel Mahoney - CFO, EVP & Treasurer Paul Maleh -...",
"CommScope Holding Company, Inc. (NASDAQ:NASDAQ:COMM) Q3 2022 Earnings Conference Call November 03, 2022, 08:30 ET Company Participants Michael McCloskey - Director, IR Charles Treadway -...",
"BK Technologies Corporation (NYSE:NYSE:BKTI) Q3 2022 Earnings Conference Call November 03, 2022, 09:00 ET Company Participants John Suzuki - CEO & Director John Nesbett - IMS Investor...",
"Amryt Pharma PLC (NASDAQ:NASDAQ:AMYT) Q3 2022 Earnings Conference Call November 03, 2022, 08:30 ET Company Participants Simon Loughrey - Group Financial Controller Joseph Wiley - CEO &...",
"AMG Advanced Metallurgical Group N.V. (OTCPK:AMVMF) Q3 2022 Earnings Conference Call November 03, 2022, 10:00 ET Company Participants Michele Fischer - VP, IR Heinz Schimmelbusch - Chairman...",
"Allied Motion Technologies, Inc. (NASDAQ:NASDAQ:AMOT) Q3 2022 Earnings Conference Call November 03, 2022, 10:00 ET Company Participants Craig Mychajluk - Kei Advisors Richard Warzala -...",
Around 200 residents of Tibet's capital Lhasa were detained in the wake of massive protests last week after China imposed covid lockdown that restricted the residents to their homes,
"Westlake Chemical Partners LP (NYSE:NYSE:WLKP) Q3 2022 Earnings Conference Call November 03, 2022 01:00 PM ET Company Participants Jeff Holy - Vice President and Treasurer Albert Chao -...",
Bommai said the state government will launch more farmer-friendly programmes which included giving loan to 10 lakh additional farmers from the current academic year,
"'The only way to save democracy is if we, together, fight for it'",
"From PM Modi's upcoming rally in poll-bound Gujarat to Musk's Twitter charging $8 for blue tick, catch all the live updates from across the globe here",
Stem's fiscal 2022 third quarter earnings saw revenue growth come in at nearly 150% to reach its highest quarterly record.,
The volatility of the stock market continues and the focus of much of the investment community remains upon the Federal Reserve.,
"Donald Trump suggested an announcement that he plans to make another White House bid is imminent and attacked Florida Governor Ron DeSantis at a rally in Pennsylvania, a sign the former president is training his ire on a potential chief rival in a 2024 GOP primary.",
The Iranian foreign minister stressed that his country adheres to the continuation of nuclear negotiations for the revival of the nuclear agreement,
India's Pooja (70kg) suffered a 0-5 defeat against Kazakhstan's Dariga Shakimova in the quarter finals bout,
"A weekly summary of dividend activity for Dividend Champions, Contenders, and Challengers. Companies which changed their dividends. Companies with upcoming ex-dividend dates.",
"Shares of med-tech firm TransMedics (US:TMDX) finished the week with a spectacular 24% rally as investor appetite soared following the release of third quarter results. The stock even reached an all time high of $58.90 during mid morning trading, an achievement rarely being seen",
"With three days left until Election Day, President Donald Trump appeared to support Republican gubernatorial nominee Doug Mastriano during a rally in Latrobe, Pennsylvania.",
"On October 31, 2022, Smart China Expo Kaizhou Forum on the Construction of Digital Government took place in Kaizhou District, Chongqing. Experts, researchers and business representatives tackled the topic of how to build an effective digital government, and how such a government would yield new opportunities for the development of public services, rural areas and industries.",
"LIMA — Thousands of people took to the streets across Peru on Saturday to demand the resignation of embattled President Pedro Castillo, a leftist whose…",
Pakistan Tehreek-e-Insaf leader Hammad Azhar said that former Pakistan Prime Minister Imran Khan will return to the political arena in two to three days.,
The North Korea's latest 'provocation' came on the last day of the extended large-scale combined air drills of the South Korea and the US,
"CHONGQING, China, Nov. 5, 2022 /PRNewswire/ -- On October 31, 2022, Smart China Expo Kaizhou Forum on the Construction of Digital Government took place in Kaizhou District, Chongqing. Experts, researchers and business",
Arif Khan is in-charge of the Bharat Jodo Yatra of Nanded District and is looking at the overall management of the Yatra along with Maharashtra Congress in-charge HK Patil and former CM Ashok Chavan,
"IRadimed Corporation (NASDAQ:NASDAQ:IRMD) Q3 2022 Earnings Conference Call November 03, 2022 11:00 AM ET Company Participants Roger Susi - President and Chief Executive Officer Jack Glenn -...",
"""Doug is a fighter and a warrior for the America First agenda and the people of this great Commonwealth."" LATROBE, Pa. , Nov. 5, 2022 /PRNewswire/ -- With three days left until Election Day, President Donald",
Alex Ovechkin broke the National Hockey League record for most goals with one team on Saturday by scoring his 787th for the Washington Capitals in a 3-2 loss to Arizona.,
Gareth Bale said Saturday he is still battling through fitness issues as he turns his attention to the World Cup after a dramatic game-saving cameo set up Los Angeles FC's MLS Cup triumph.,
"Companhia Brasileira de Distribuição (NYSE:NYSE:CBD) Q3 2022 Earnings Conference Call November 4, 2022 9:00 AM ET Company Participants Marcelo Pimentel – Chief Executive Officer Guillaume...",
"For the moment, investors remain convinced that the Fed is on a course that ultimately will bring the economy to its knees",
"Colin Ackermann's whirlwind unbeaten 41 steered the Netherlands to 158-4 at the Twenty20 World Cup in Adelaide, in a match South Africa must win to seal a semi-finals spot.",
Chandrasekhar said that India has covered a great distance in the electronics and digital space,
The Sri Lanka Navy (SLN) stated that the arrests were made during 'a special operation in seas north of Talaimannar to chase away Indian poaching trawlers from Sri Lanka's waters',
"National Research Corporation (NASDAQ:NASDAQ:NRC) Q3 2022 Earnings Conference Call November 03, 2022 10:00 AM ET Company Participants Linda Stacy - VP, Finance Kevin Karas - Chief Financial...",
Magni-Tech Industries Berhad (KLSE:MAGNI) has had a rough three months with its share price down 11%. But if you pay...,
"For beginners, it can seem like a good idea (and an exciting prospect) to buy a company that tells a good story to...",
"China recorded 4,610 new Covid-19 infections on Saturday, of which 588 were symptomatic and 4,022 were asymptomatic, the National Health Commission said, the most since May 6",
"SHANGHAI, Nov. 5, 2022 /PRNewswire/ -- The fifth China International Import Expo (CIIE) is currently under way at National Exhibition and Convention Center. ZEISS, a global leader in optics and optoelectronics, is making",
"Vital Farms, Inc. (NASDAQ:NASDAQ:VITL) Q3 2022 Earnings Conference Call November 3, 2022, 8:30 AM ET Company Participants Matt Siler - Vice President, Investor Relations Russell...",
It's one of the 20th century's most iconic photos: British archaeologist Howard Carter inspecting the sarcophagus of Tutankhamun in 1922 as an Egyptian member of his team crouches nearby shrouded in shadow.,
"'Cool, Sophisticated' Duran Duran Enter Rock Hall of Fame",
"The research, based on an analysis of electronic health records in databases maintained by the Department of Veterans Affairs, suggests that wider use of Paxlovid won't just stave off critical disease",
"China on Sunday reported its highest number of new COVID-19 infections in six months, a day after health officials said they were sticking with strict coronavirus curbs, likely disappointing recent investor hopes for an easing.  China recorded 4,610 new COVID-19 infections on Saturday, of which 588 were symptomatic and 4,022 were asymptomatic, the National Health Commission said, the most since May 6 and compared with 3,837 new cases a day earlier, of which 657 were symptomatic.  While case numbers are extremely low by global standards, China has stuck with a zero-COVID approach nearly three years into the pandemic that involves lockdowns, quarantines, frequent testing and a drastic decrease in inbound travel.",
,
"Vimeo, Inc. (NASDAQ:NASDAQ:VMEO) Q3 2022 Earnings Conference Call November 03, 2022 08:30 AM ET Company Participants Anjali Sud - CEO Gillian Munson - CFO Conference Call Participants Bill...",
The Netherlands pulled off a shock 13-run win in Adelaide on Sunday to send South Africa crashing out of the Twenty20 World Cup.,
Yordan Alvarez smashed a three-run homer and the Houston Astros captured their second World Series in six seasons on Saturday with a 4-1 victory over Philadelphia.,
"A Sri Lankan cricketer was arrested and charged Sunday over the alleged sexual assault of a woman in Sydney, police said, just hours after the national team lost to England in the Twenty20 World Cup.",
"Sunak made a last-minute decision on Nov. 2 to participate in the climate talks, reversing a plan much criticised by environmental activists and political opponents to skip the annual gathering",
Baker Finally Wins 1st Series Title as Manager With Astros,
"In the weeks leading up to the COP27 climate change summit in Egypt, groups of climate activists have staged a number of related protests",
"With  burning rubber under the neon lights, Formula One gave its fans a taste Saturday of what they can expect from next year’s Las Vegas Grand Prix while the sport’s leaders promised that this time the sport is in Sin City for the long run.",
"The team beat the Philadelphia Phillies four games to two, winning its first title since a sign-stealing scandal tarnished their 2017 championship in the eyes of many fans.",
"A businessman accused by the US of breaking international sanctions by transporting fuel to North Korea is currently in Singapore and has been under investigation there, the city-state’s police said.",
"Most Americans neither like nor dislike Latter-day Saints, and 1 in 3 Americans think they practice polygamy. SALT LAKE CITY, Nov. 5, 2022 /PRNewswire-PRWeb/ -- A new survey conducted by the B. H. Roberts Foundation",
NZ's Ardern Unveils Childcare Subsidy in Cost-of-Living Relief,
NZ's Ardern Unveils Childcare Subsidy in Cost-of-Living Relief,
"The Milwaukee Bucks didn't miss a beat with two-time NBA MVP Giannis Antetokounmpo sidelined for the first time this season, pushing their record to 9-0 Saturday with a 108-94 victory over Oklahoma City.",
"Dixie Group (NASDAQ:NASDAQ:DXYN) Q3 2022 Earnings Conference Call November 3, 2022 14:00 ET Company Participants Dan Frierson - Chairman and Chief Executive Officer Allen Danzey - Chief...",
"After getting clearance from the concerned ministry, two male cheetahs were released in a acclimatisation enclosure of Kuno National Park in Madhya Pradesh's Sheopur district on Saturday",
"The quake rocked at 7:03 a.m. Jakarta time, with the epicenter at 69 km southwest of Kepulauan Sitaro district and the depth at 255 km under the seabed",
"Great Elm Capital Corp. (NASDAQ:NASDAQ:GECC) Q3 2022 Earnings Conference Call November 3, 2022 11:00 ET Company Participants Garrett Edson - Investor Relations Matt Kaplan - Chief Executive...",
Pakistan in 'perilous situation' after Khan assassination bid,
"The assassination attempt on former prime minister Imran Khan and his accusation it was a plot involving a senior intelligence officer has pushed Pakistan into a ""dangerous phase"", analysts say.",
"Shenandoah Telecommunications Company (NASDAQ:NASDAQ:SHEN) Q3 2022 Earnings Conference Call November 02, 2022 08:30 AM ET Company Participants Kirk Andrews - Director, Financial Planning...",
"Willscot Mobile Mini Holdings Corp (NASDAQ:NASDAQ:WSC) Q3 2022 Earnings Conference Call November 03, 2022, 10:00 ET Company Participants Nick Girardi - Director, Treasury & IR Bradley...",
"U.S. Physical Therapy, Inc.",
"Urban One, Inc. (NASDAQ:NASDAQ:UONE) Q3 2022 Earnings Conference Call November 03, 2022, 10:00 ET Company Participants Alfred Liggins - CEO, President, Treasurer & Director Peter...",
"Broadstone Net Lease, Inc. (NYSE:NYSE:BNL) Q3 2022 Earnings Conference Call November 03, 2022, 11:00 ET Company Participants Michael Caruso - SVP, Corporate Finance & IR Christopher...",
"The recurring problem of farm fires from the neighbouring states contributed 21 per cent to PM2.5 in Delhi, which was 34 per cent on Friday",
The paper quoted unnamed people familiar with the discussions as saying that the request by American officials was not aimed at pushing Ukraine to the negotiating table,
"If we want to find a potential multi-bagger, often there are underlying trends that can provide clues. One common...",
"Before you take on a roommate, here are some things to consider about what a bad roommate can do to ruin your home",
"Pfizer Inc.’s blockbuster Paxlovid antiviral that lowers rates of illness and death in people infected with the coronavirus also cuts the risk of some symptoms of disabling long Covid, a study found.",
"Watts Water Technologies, Inc. (NYSE:NYSE:WTS) Q3 2022 Earnings Conference Call November 03, 2022, 09:00 ET Company Participants Diane McClintock - SVP, FP&A and IR Robert Pagano -...",
Elon Musk's newly acquired micro-blogging platform Twitter has announced that the application will soon allow users to add long-form text to their tweets,
"Bristow Group, Inc. (NYSE:NYSE:VTOL) Q2 2023 Earnings Conference Call November 03, 2022, 10:00 ET Company Participants Redeate Tilahun - IR Christopher Bradshaw - President, CEO &...",
"RPT Realty (NYSE:NYSE:RPT) Q3 2022 Earnings Conference Call November 03, 2022 10:00 AM ET Company Participants Craig Benigno – Investor Relations Brian Harper – President and Chief...",
"Trinseo PLC (NYSE:NYSE:TSE) Q3 2022 Earnings Conference Call November 03, 2022, 10:00 ET Company Participants Andrew Myers - Finance Director, Corporate FP&A & IR Frank Bozich -...",
"Thryv Holdings, Inc. (NASDAQ:NASDAQ:THRY) Q3 2022 Earnings Conference Call November 03, 2022, 08:30 ET Company Participants Cameron Lessard - Director, IR & Capital Markets Joseph Walsh...",
"Tecnoglass, Inc. (NYSE:NYSE:TGLS) Q3 2022 Earnings Conference Call November 03, 2022, 10:00 ET Company Participants Brad Cray - ICR Jose Manuel - CEO & Director Christian Daes - COO...",
"Some stocks are best avoided. We really hate to see fellow investors lose their hard-earned money. For example, we...",
"Stoneridge, Inc. (NYSE:NYSE:SRI) Q3 2022 Earnings Conference Call November 03, 2022, 09:00 ET Company Participants Kelly Harvey - Director, IR Jonathan DeGaynor - CEO, President &...",
"Smurfit Kappa Group PLC (OTCPK:SMFTF) Q3 2022 Earnings Conference Call November 02, 2022, 04:00 ET Company Participants Anthony Smurfit - Group CEO & Executive Director Ken Bowles -...",
"Stabilis Solutions, Inc. (NASDAQ:NASDAQ:SLNG) Q3 2022 Earnings Conference Call November 03, 2022, 10:00 ET Company Participants Westervelt Ballard - President, CEO & Director Andrew...",
"Sherritt International Corporation (OTCPK:SHERF) Q3 2022 Earnings Conference Call November 03, 2022, 10:00 ET Company Participants Lucy Chitilian - Director, Investor Relations Leon...",
"Orthofix Medical, Inc. (NASDAQ:NASDAQ:OFIX) Q3 2022 Earnings Conference Call November 03, 2022, 08:30 ET Company Participants Alexa Huerta - Senior Director, IR Jon Serbousek - President,...",
"James River Group Holdings Ltd (NASDAQ:NASDAQ:JRVR) Q3 2022 Earnings Conference Call November 02, 2022, 08:00 ET Company Participants Brett Shirreffs - SVP, Finance, Investments & Head,...",
"Intevac, Inc. (NASDAQ:NASDAQ:IVAC) Q3 2022 Earnings Conference Call November 02, 2022, 16:30 ET Company Participants Claire McAdams - IR Counsel Nigel Hunton - President, CEO & Director...",
"IVERIC bio, Inc. (NASDAQ:NASDAQ:ISEE) Q3 2022 Earnings Conference Call November 03, 2022, 08:00 ET Company Participants Kathy Galante - SVP, IR & Corporate Communications Glenn...",
"Hexagon Composites ASA (OTCPK:HXGCF) Q3 2022 Earnings Conference Call November 03, 2022, 03:30 ET Company Participants Karen Romer - SVP, Communications Jon Engeset - Group President &...",
"Frontdoor, Inc. (NASDAQ:NASDAQ:FTDR) Q3 2022 Earnings Conference Call November 03, 2022, 08:30 ET Company Participants Matthew Davis - VP, IR & Treasurer William Cobb - CEO &...",
"Federal Signal Corporation (NYSE:NYSE:FSS) Q3 2022 Earnings Conference Call November 03, 2022, 10:00 ET Company Participants Ian Hudson - SVP & CFO Jennifer Sherman - President, CEO...",
"Franklin Street Properties Corporation (NYSE:NYSE:FSP) Q3 2022 Earnings Conference Call November 02, 2022, 11:00 ET Company Participants Scott Carter - EVP, General Counsel & Secretary...",
"5N Plus, Inc. (OTCPK:FPLSF) Q3 2022 Earnings Conference Call November 02, 2022, 08:00 ET Company Participants Richard Perron - CFO Gervais Jacques - President, CEO & Director Conference...",
"Frontera Energy Corporation (OTCPK:FECCF) Q3 2022 Earnings Conference Call November 02, 2022, 10:00 ET Company Participants Gabriel de Alba - Independent Chairman Orlando Cabrales - CEO...",
Assam Chief Minister Himanta Biswa Sarma on Saturday said that Assam and Meghalaya will work with the Indian Army to transform the Umiam lake into a world-class venue for aquatic sports,
French President Emmanuel Macron released a selfie video on social media platforms Saturday asking the public to send him questions about what France should do about climate change and biodiversity,
Twitter starts rolling out new paid subscription,
"Calibre Mining Corporation (OTCQX:CXBMF) Q3 2022 Earnings Conference Call November 02, 2022, 09:00 ET Company Participants Ryan King - SVP, Corporate Development & IR Darren Hall -...",
"CRA International, Inc. (NASDAQ:NASDAQ:CRAI) Q3 2022 Earnings Conference Call November 03, 2022, 10:00 ET Company Participants Daniel Mahoney - CFO, EVP & Treasurer Paul Maleh -...",
"CommScope Holding Company, Inc. (NASDAQ:NASDAQ:COMM) Q3 2022 Earnings Conference Call November 03, 2022, 08:30 ET Company Participants Michael McCloskey - Director, IR Charles Treadway -...",
"BK Technologies Corporation (NYSE:NYSE:BKTI) Q3 2022 Earnings Conference Call November 03, 2022, 09:00 ET Company Participants John Suzuki - CEO & Director John Nesbett - IMS Investor...",
"Amryt Pharma PLC (NASDAQ:NASDAQ:AMYT) Q3 2022 Earnings Conference Call November 03, 2022, 08:30 ET Company Participants Simon Loughrey - Group Financial Controller Joseph Wiley - CEO &...",
"AMG Advanced Metallurgical Group N.V. (OTCPK:AMVMF) Q3 2022 Earnings Conference Call November 03, 2022, 10:00 ET Company Participants Michele Fischer - VP, IR Heinz Schimmelbusch - Chairman...",
"Allied Motion Technologies, Inc. (NASDAQ:NASDAQ:AMOT) Q3 2022 Earnings Conference Call November 03, 2022, 10:00 ET Company Participants Craig Mychajluk - Kei Advisors Richard Warzala -...",
Around 200 residents of Tibet's capital Lhasa were detained in the wake of massive protests last week after China imposed covid lockdown that restricted the residents to their homes,
"Westlake Chemical Partners LP (NYSE:NYSE:WLKP) Q3 2022 Earnings Conference Call November 03, 2022 01:00 PM ET Company Participants Jeff Holy - Vice President and Treasurer Albert Chao -...",
Bommai said the state government will launch more farmer-friendly programmes which included giving loan to 10 lakh additional farmers from the current academic year,
"'The only way to save democracy is if we, together, fight for it'",
"From PM Modi's upcoming rally in poll-bound Gujarat to Musk's Twitter charging $8 for blue tick, catch all the live updates from across the globe here",
Stem's fiscal 2022 third quarter earnings saw revenue growth come in at nearly 150% to reach its highest quarterly record.,
The volatility of the stock market continues and the focus of much of the investment community remains upon the Federal Reserve.,
"Donald Trump suggested an announcement that he plans to make another White House bid is imminent and attacked Florida Governor Ron DeSantis at a rally in Pennsylvania, a sign the former president is training his ire on a potential chief rival in a 2024 GOP primary.",
The Iranian foreign minister stressed that his country adheres to the continuation of nuclear negotiations for the revival of the nuclear agreement,
India's Pooja (70kg) suffered a 0-5 defeat against Kazakhstan's Dariga Shakimova in the quarter finals bout,
"A weekly summary of dividend activity for Dividend Champions, Contenders, and Challengers. Companies which changed their dividends. Companies with upcoming ex-dividend dates.",
"Shares of med-tech firm TransMedics (US:TMDX) finished the week with a spectacular 24% rally as investor appetite soared following the release of third quarter results. The stock even reached an all time high of $58.90 during mid morning trading, an achievement rarely being seen",
"With three days left until Election Day, President Donald Trump appeared to support Republican gubernatorial nominee Doug Mastriano during a rally in Latrobe, Pennsylvania.",
"On October 31, 2022, Smart China Expo Kaizhou Forum on the Construction of Digital Government took place in Kaizhou District, Chongqing. Experts, researchers and business representatives tackled the topic of how to build an effective digital government, and how such a government would yield new opportunities for the development of public services, rural areas and industries.",
"LIMA — Thousands of people took to the streets across Peru on Saturday to demand the resignation of embattled President Pedro Castillo, a leftist whose…",
Pakistan Tehreek-e-Insaf leader Hammad Azhar said that former Pakistan Prime Minister Imran Khan will return to the political arena in two to three days.,
The North Korea's latest 'provocation' came on the last day of the extended large-scale combined air drills of the South Korea and the US,
"CHONGQING, China, Nov. 5, 2022 /PRNewswire/ -- On October 31, 2022, Smart China Expo Kaizhou Forum on the Construction of Digital Government took place in Kaizhou District, Chongqing. Experts, researchers and business",
Arif Khan is in-charge of the Bharat Jodo Yatra of Nanded District and is looking at the overall management of the Yatra along with Maharashtra Congress in-charge HK Patil and former CM Ashok Chavan,
"IRadimed Corporation (NASDAQ:NASDAQ:IRMD) Q3 2022 Earnings Conference Call November 03, 2022 11:00 AM ET Company Participants Roger Susi - President and Chief Executive Officer Jack Glenn -...",
"IRadimed Corporation (NASDAQ:NASDAQ:IRMD) Q3 2022 Earnings Conference Call November 03, 2022 11:00 AM ET Company Participants Roger Susi - President and Chief Executive Officer Jack Glenn -...",
"""Doug is a fighter and a warrior for the America First agenda and the people of this great Commonwealth."" LATROBE, Pa. , Nov. 5, 2022 /PRNewswire/ -- With three days left until Election Day, President Donald",
Alex Ovechkin broke the National Hockey League record for most goals with one team on Saturday by scoring his 787th for the Washington Capitals in a 3-2 loss to Arizona.,
Gareth Bale said Saturday he is still battling through fitness issues as he turns his attention to the World Cup after a dramatic game-saving cameo set up Los Angeles FC's MLS Cup triumph.,
"Companhia Brasileira de Distribuição (NYSE:NYSE:CBD) Q3 2022 Earnings Conference Call November 4, 2022 9:00 AM ET Company Participants Marcelo Pimentel – Chief Executive Officer Guillaume...",
"For the moment, investors remain convinced that the Fed is on a course that ultimately will bring the economy to its knees",
"Colin Ackermann's whirlwind unbeaten 41 steered the Netherlands to 158-4 at the Twenty20 World Cup in Adelaide, in a match South Africa must win to seal a semi-finals spot.",
Chandrasekhar said that India has covered a great distance in the electronics and digital space,
The Sri Lanka Navy (SLN) stated that the arrests were made during 'a special operation in seas north of Talaimannar to chase away Indian poaching trawlers from Sri Lanka's waters',
"National Research Corporation (NASDAQ:NASDAQ:NRC) Q3 2022 Earnings Conference Call November 03, 2022 10:00 AM ET Company Participants Linda Stacy - VP, Finance Kevin Karas - Chief Financial...",
1Life Healthcare has recently been the target of an acquisition by Amazon for $18/share. See why I would suggest AMZN has overpaid for ONEM.,
Ease into the new week,
"China recorded 4,610 new Covid-19 infections on Saturday, of which 588 were symptomatic and 4,022 were asymptomatic, the National Health Commission said, the most since May 6",
"SHANGHAI, Nov. 5, 2022 /PRNewswire/ -- The fifth China International Import Expo (CIIE) is currently under way at National Exhibition and Convention Center. ZEISS, a global leader in optics and optoelectronics, is making",
"Vital Farms, Inc. (NASDAQ:NASDAQ:VITL) Q3 2022 Earnings Conference Call November 3, 2022, 8:30 AM ET Company Participants Matt Siler - Vice President, Investor Relations Russell...",
It's one of the 20th century's most iconic photos: British archaeologist Howard Carter inspecting the sarcophagus of Tutankhamun in 1922 as an Egyptian member of his team crouches nearby shrouded in shadow.,
"'Cool, Sophisticated' Duran Duran Enter Rock Hall of Fame",
"The research, based on an analysis of electronic health records in databases maintained by the Department of Veterans Affairs, suggests that wider use of Paxlovid won't just stave off critical disease",
"China on Sunday reported its highest number of new COVID-19 infections in six months, a day after health officials said they were sticking with strict coronavirus curbs, likely disappointing recent investor hopes for an easing.  China recorded 4,610 new COVID-19 infections on Saturday, of which 588 were symptomatic and 4,022 were asymptomatic, the National Health Commission said, the most since May 6 and compared with 3,837 new cases a day earlier, of which 657 were symptomatic.  While case numbers are extremely low by global standards, China has stuck with a zero-COVID approach nearly three years into the pandemic that involves lockdowns, quarantines, frequent testing and a drastic decrease in inbound travel.",
,
"Vimeo, Inc. (NASDAQ:NASDAQ:VMEO) Q3 2022 Earnings Conference Call November 03, 2022 08:30 AM ET Company Participants Anjali Sud - CEO Gillian Munson - CFO Conference Call Participants Bill...",
The Netherlands pulled off a shock 13-run win in Adelaide on Sunday to send South Africa crashing out of the Twenty20 World Cup.,
Yordan Alvarez smashed a three-run homer and the Houston Astros captured their second World Series in six seasons on Saturday with a 4-1 victory over Philadelphia.,
"A Sri Lankan cricketer was arrested and charged Sunday over the alleged sexual assault of a woman in Sydney, police said, just hours after the national team lost to England in the Twenty20 World Cup.",
"Sunak made a last-minute decision on Nov. 2 to participate in the climate talks, reversing a plan much criticised by environmental activists and political opponents to skip the annual gathering",
Baker Finally Wins 1st Series Title as Manager With Astros,
"In the weeks leading up to the COP27 climate change summit in Egypt, groups of climate activists have staged a number of related protests",
"With  burning rubber under the neon lights, Formula One gave its fans a taste Saturday of what they can expect from next year’s Las Vegas Grand Prix while the sport’s leaders promised that this time the sport is in Sin City for the long run.",
"The team beat the Philadelphia Phillies four games to two, winning its first title since a sign-stealing scandal tarnished their 2017 championship in the eyes of many fans.",
"A businessman accused by the US of breaking international sanctions by transporting fuel to North Korea is currently in Singapore and has been under investigation there, the city-state’s police said.",
"Most Americans neither like nor dislike Latter-day Saints, and 1 in 3 Americans think they practice polygamy. SALT LAKE CITY, Nov. 5, 2022 /PRNewswire-PRWeb/ -- A new survey conducted by the B. H. Roberts Foundation",
NZ's Ardern Unveils Childcare Subsidy in Cost-of-Living Relief,
"The Milwaukee Bucks didn't miss a beat with two-time NBA MVP Giannis Antetokounmpo sidelined for the first time this season, pushing their record to 9-0 Saturday with a 108-94 victory over Oklahoma City.",
"Dixie Group (NASDAQ:NASDAQ:DXYN) Q3 2022 Earnings Conference Call November 3, 2022 14:00 ET Company Participants Dan Frierson - Chairman and Chief Executive Officer Allen Danzey - Chief...",
"After getting clearance from the concerned ministry, two male cheetahs were released in a acclimatisation enclosure of Kuno National Park in Madhya Pradesh's Sheopur district on Saturday",
"The quake rocked at 7:03 a.m. Jakarta time, with the epicenter at 69 km southwest of Kepulauan Sitaro district and the depth at 255 km under the seabed",
"Great Elm Capital Corp. (NASDAQ:NASDAQ:GECC) Q3 2022 Earnings Conference Call November 3, 2022 11:00 ET Company Participants Garrett Edson - Investor Relations Matt Kaplan - Chief Executive...",
Pakistan in 'perilous situation' after Khan assassination bid,
"The assassination attempt on former prime minister Imran Khan and his accusation it was a plot involving a senior intelligence officer has pushed Pakistan into a ""dangerous phase"", analysts say.",
"Shenandoah Telecommunications Company (NASDAQ:NASDAQ:SHEN) Q3 2022 Earnings Conference Call November 02, 2022 08:30 AM ET Company Participants Kirk Andrews - Director, Financial Planning...",
"Willscot Mobile Mini Holdings Corp (NASDAQ:NASDAQ:WSC) Q3 2022 Earnings Conference Call November 03, 2022, 10:00 ET Company Participants Nick Girardi - Director, Treasury & IR Bradley...",
"U.S. Physical Therapy, Inc.",
"Urban One, Inc. (NASDAQ:NASDAQ:UONE) Q3 2022 Earnings Conference Call November 03, 2022, 10:00 ET Company Participants Alfred Liggins - CEO, President, Treasurer & Director Peter...",
"Broadstone Net Lease, Inc. (NYSE:NYSE:BNL) Q3 2022 Earnings Conference Call November 03, 2022, 11:00 ET Company Participants Michael Caruso - SVP, Corporate Finance & IR Christopher...",
"The recurring problem of farm fires from the neighbouring states contributed 21 per cent to PM2.5 in Delhi, which was 34 per cent on Friday",
The paper quoted unnamed people familiar with the discussions as saying that the request by American officials was not aimed at pushing Ukraine to the negotiating table,
"If we want to find a potential multi-bagger, often there are underlying trends that can provide clues. One common...",
"Before you take on a roommate, here are some things to consider about what a bad roommate can do to ruin your home",
"Pfizer Inc.’s blockbuster Paxlovid antiviral that lowers rates of illness and death in people infected with the coronavirus also cuts the risk of some symptoms of disabling long Covid, a study found.",
"Watts Water Technologies, Inc. (NYSE:NYSE:WTS) Q3 2022 Earnings Conference Call November 03, 2022, 09:00 ET Company Participants Diane McClintock - SVP, FP&A and IR Robert Pagano -...",
Elon Musk's newly acquired micro-blogging platform Twitter has announced that the application will soon allow users to add long-form text to their tweets,
"Bristow Group, Inc. (NYSE:NYSE:VTOL) Q2 2023 Earnings Conference Call November 03, 2022, 10:00 ET Company Participants Redeate Tilahun - IR Christopher Bradshaw - President, CEO &...",
"RPT Realty (NYSE:NYSE:RPT) Q3 2022 Earnings Conference Call November 03, 2022 10:00 AM ET Company Participants Craig Benigno – Investor Relations Brian Harper – President and Chief...",
"Trinseo PLC (NYSE:NYSE:TSE) Q3 2022 Earnings Conference Call November 03, 2022, 10:00 ET Company Participants Andrew Myers - Finance Director, Corporate FP&A & IR Frank Bozich -...",
"Thryv Holdings, Inc. (NASDAQ:NASDAQ:THRY) Q3 2022 Earnings Conference Call November 03, 2022, 08:30 ET Company Participants Cameron Lessard - Director, IR & Capital Markets Joseph Walsh...",
"Tecnoglass, Inc. (NYSE:NYSE:TGLS) Q3 2022 Earnings Conference Call November 03, 2022, 10:00 ET Company Participants Brad Cray - ICR Jose Manuel - CEO & Director Christian Daes - COO...",
"Some stocks are best avoided. We really hate to see fellow investors lose their hard-earned money. For example, we...",
"Stoneridge, Inc. (NYSE:NYSE:SRI) Q3 2022 Earnings Conference Call November 03, 2022, 09:00 ET Company Participants Kelly Harvey - Director, IR Jonathan DeGaynor - CEO, President &...",
"Smurfit Kappa Group PLC (OTCPK:SMFTF) Q3 2022 Earnings Conference Call November 02, 2022, 04:00 ET Company Participants Anthony Smurfit - Group CEO & Executive Director Ken Bowles -...",
"Stabilis Solutions, Inc. (NASDAQ:NASDAQ:SLNG) Q3 2022 Earnings Conference Call November 03, 2022, 10:00 ET Company Participants Westervelt Ballard - President, CEO & Director Andrew...",
"Sherritt International Corporation (OTCPK:SHERF) Q3 2022 Earnings Conference Call November 03, 2022, 10:00 ET Company Participants Lucy Chitilian - Director, Investor Relations Leon...",
"Orthofix Medical, Inc. (NASDAQ:NASDAQ:OFIX) Q3 2022 Earnings Conference Call November 03, 2022, 08:30 ET Company Participants Alexa Huerta - Senior Director, IR Jon Serbousek - President,...",
"James River Group Holdings Ltd (NASDAQ:NASDAQ:JRVR) Q3 2022 Earnings Conference Call November 02, 2022, 08:00 ET Company Participants Brett Shirreffs - SVP, Finance, Investments & Head,...",
"Intevac, Inc. (NASDAQ:NASDAQ:IVAC) Q3 2022 Earnings Conference Call November 02, 2022, 16:30 ET Company Participants Claire McAdams - IR Counsel Nigel Hunton - President, CEO & Director...",
"IVERIC bio, Inc. (NASDAQ:NASDAQ:ISEE) Q3 2022 Earnings Conference Call November 03, 2022, 08:00 ET Company Participants Kathy Galante - SVP, IR & Corporate Communications Glenn...",
"Hexagon Composites ASA (OTCPK:HXGCF) Q3 2022 Earnings Conference Call November 03, 2022, 03:30 ET Company Participants Karen Romer - SVP, Communications Jon Engeset - Group President &...",
"Frontdoor, Inc. (NASDAQ:NASDAQ:FTDR) Q3 2022 Earnings Conference Call November 03, 2022, 08:30 ET Company Participants Matthew Davis - VP, IR & Treasurer William Cobb - CEO &...",
"Federal Signal Corporation (NYSE:NYSE:FSS) Q3 2022 Earnings Conference Call November 03, 2022, 10:00 ET Company Participants Ian Hudson - SVP & CFO Jennifer Sherman - President, CEO...",
"Franklin Street Properties Corporation (NYSE:NYSE:FSP) Q3 2022 Earnings Conference Call November 02, 2022, 11:00 ET Company Participants Scott Carter - EVP, General Counsel & Secretary...",
"5N Plus, Inc. (OTCPK:FPLSF) Q3 2022 Earnings Conference Call November 02, 2022, 08:00 ET Company Participants Richard Perron - CFO Gervais Jacques - President, CEO & Director Conference...",
"Frontera Energy Corporation (OTCPK:FECCF) Q3 2022 Earnings Conference Call November 02, 2022, 10:00 ET Company Participants Gabriel de Alba - Independent Chairman Orlando Cabrales - CEO...",
Assam Chief Minister Himanta Biswa Sarma on Saturday said that Assam and Meghalaya will work with the Indian Army to transform the Umiam lake into a world-class venue for aquatic sports,
French President Emmanuel Macron released a selfie video on social media platforms Saturday asking the public to send him questions about what France should do about climate change and biodiversity,
Twitter starts rolling out new paid subscription,
"Calibre Mining Corporation (OTCQX:CXBMF) Q3 2022 Earnings Conference Call November 02, 2022, 09:00 ET Company Participants Ryan King - SVP, Corporate Development & IR Darren Hall -...",
"CRA International, Inc. (NASDAQ:NASDAQ:CRAI) Q3 2022 Earnings Conference Call November 03, 2022, 10:00 ET Company Participants Daniel Mahoney - CFO, EVP & Treasurer Paul Maleh -...",
"CommScope Holding Company, Inc. (NASDAQ:NASDAQ:COMM) Q3 2022 Earnings Conference Call November 03, 2022, 08:30 ET Company Participants Michael McCloskey - Director, IR Charles Treadway -...",
"BK Technologies Corporation (NYSE:NYSE:BKTI) Q3 2022 Earnings Conference Call November 03, 2022, 09:00 ET Company Participants John Suzuki - CEO & Director John Nesbett - IMS Investor...",
"Amryt Pharma PLC (NASDAQ:NASDAQ:AMYT) Q3 2022 Earnings Conference Call November 03, 2022, 08:30 ET Company Participants Simon Loughrey - Group Financial Controller Joseph Wiley - CEO &...",
"AMG Advanced Metallurgical Group N.V. (OTCPK:AMVMF) Q3 2022 Earnings Conference Call November 03, 2022, 10:00 ET Company Participants Michele Fischer - VP, IR Heinz Schimmelbusch - Chairman...",
"Amryt Pharma PLC (NASDAQ:NASDAQ:AMYT) Q3 2022 Earnings Conference Call November 03, 2022, 08:30 ET Company Participants Simon Loughrey - Group Financial Controller Joseph Wiley - CEO &...",
"AMG Advanced Metallurgical Group N.V. (OTCPK:AMVMF) Q3 2022 Earnings Conference Call November 03, 2022, 10:00 ET Company Participants Michele Fischer - VP, IR Heinz Schimmelbusch - Chairman...",
"Allied Motion Technologies, Inc. (NASDAQ:NASDAQ:AMOT) Q3 2022 Earnings Conference Call November 03, 2022, 10:00 ET Company Participants Craig Mychajluk - Kei Advisors Richard Warzala -...",
Around 200 residents of Tibet's capital Lhasa were detained in the wake of massive protests last week after China imposed covid lockdown that restricted the residents to their homes,
"Westlake Chemical Partners LP (NYSE:NYSE:WLKP) Q3 2022 Earnings Conference Call November 03, 2022 01:00 PM ET Company Participants Jeff Holy - Vice President and Treasurer Albert Chao -...",
Bommai said the state government will launch more farmer-friendly programmes which included giving loan to 10 lakh additional farmers from the current academic year,
"'The only way to save democracy is if we, together, fight for it'",
"From PM Modi's upcoming rally in poll-bound Gujarat to Musk's Twitter charging $8 for blue tick, catch all the live updates from across the globe here",
Stem's fiscal 2022 third quarter earnings saw revenue growth come in at nearly 150% to reach its highest quarterly record.,
The volatility of the stock market continues and the focus of much of the investment community remains upon the Federal Reserve.,
"Donald Trump suggested an announcement that he plans to make another White House bid is imminent and attacked Florida Governor Ron DeSantis at a rally in Pennsylvania, a sign the former president is training his ire on a potential chief rival in a 2024 GOP primary.",
The Iranian foreign minister stressed that his country adheres to the continuation of nuclear negotiations for the revival of the nuclear agreement,
India's Pooja (70kg) suffered a 0-5 defeat against Kazakhstan's Dariga Shakimova in the quarter finals bout,
"A weekly summary of dividend activity for Dividend Champions, Contenders, and Challengers. Companies which changed their dividends. Companies with upcoming ex-dividend dates.",
"Shares of med-tech firm TransMedics (US:TMDX) finished the week with a spectacular 24% rally as investor appetite soared following the release of third quarter results. The stock even reached an all time high of $58.90 during mid morning trading, an achievement rarely being seen",
"With three days left until Election Day, President Donald Trump appeared to support Republican gubernatorial nominee Doug Mastriano during a rally in Latrobe, Pennsylvania.",
"On October 31, 2022, Smart China Expo Kaizhou Forum on the Construction of Digital Government took place in Kaizhou District, Chongqing. Experts, researchers and business representatives tackled the topic of how to build an effective digital government, and how such a government would yield new opportunities for the development of public services, rural areas and industries.",
"LIMA — Thousands of people took to the streets across Peru on Saturday to demand the resignation of embattled President Pedro Castillo, a leftist whose…",
Pakistan Tehreek-e-Insaf leader Hammad Azhar said that former Pakistan Prime Minister Imran Khan will return to the political arena in two to three days.,
The North Korea's latest 'provocation' came on the last day of the extended large-scale combined air drills of the South Korea and the US,
"CHONGQING, China, Nov. 5, 2022 /PRNewswire/ -- On October 31, 2022, Smart China Expo Kaizhou Forum on the Construction of Digital Government took place in Kaizhou District, Chongqing. Experts, researchers and business",
Arif Khan is in-charge of the Bharat Jodo Yatra of Nanded District and is looking at the overall management of the Yatra along with Maharashtra Congress in-charge HK Patil and former CM Ashok Chavan,
"IRadimed Corporation (NASDAQ:NASDAQ:IRMD) Q3 2022 Earnings Conference Call November 03, 2022 11:00 AM ET Company Participants Roger Susi - President and Chief Executive Officer Jack Glenn -...",
"""Doug is a fighter and a warrior for the America First agenda and the people of this great Commonwealth."" LATROBE, Pa. , Nov. 5, 2022 /PRNewswire/ -- With three days left until Election Day, President Donald",
Alex Ovechkin broke the National Hockey League record for most goals with one team on Saturday by scoring his 787th for the Washington Capitals in a 3-2 loss to Arizona.,
Gareth Bale said Saturday he is still battling through fitness issues as he turns his attention to the World Cup after a dramatic game-saving cameo set up Los Angeles FC's MLS Cup triumph.,
"Companhia Brasileira de Distribuição (NYSE:NYSE:CBD) Q3 2022 Earnings Conference Call November 4, 2022 9:00 AM ET Company Participants Marcelo Pimentel – Chief Executive Officer Guillaume...",
"For the moment, investors remain convinced that the Fed is on a course that ultimately will bring the economy to its knees",
"Colin Ackermann's whirlwind unbeaten 41 steered the Netherlands to 158-4 at the Twenty20 World Cup in Adelaide, in a match South Africa must win to seal a semi-finals spot.",
Chandrasekhar said that India has covered a great distance in the electronics and digital space,
"'The party is planning to contest 30 Assembly seats that includes Muslims, Dalits, tribal and even general-dominated seats'",
"Digimarc Corporation (NASDAQ:NASDAQ:DMRC) Q3 2022 Earnings Conference Call November 3, 2022 5:00 PM ET Company Participants Joel Meyer – Chief Legal Officer Charles Beck – Chief Financial...",
1Life Healthcare has recently been the target of an acquisition by Amazon for $18/share. See why I would suggest AMZN has overpaid for ONEM.,
Ease into the new week,
"China recorded 4,610 new Covid-19 infections on Saturday, of which 588 were symptomatic and 4,022 were asymptomatic, the National Health Commission said, the most since May 6",
"SHANGHAI, Nov. 5, 2022 /PRNewswire/ -- The fifth China International Import Expo (CIIE) is currently under way at National Exhibition and Convention Center. ZEISS, a global leader in optics and optoelectronics, is making",
"Vital Farms, Inc. (NASDAQ:NASDAQ:VITL) Q3 2022 Earnings Conference Call November 3, 2022, 8:30 AM ET Company Participants Matt Siler - Vice President, Investor Relations Russell...",
It's one of the 20th century's most iconic photos: British archaeologist Howard Carter inspecting the sarcophagus of Tutankhamun in 1922 as an Egyptian member of his team crouches nearby shrouded in shadow.,
"'Cool, Sophisticated' Duran Duran Enter Rock Hall of Fame",
"The research, based on an analysis of electronic health records in databases maintained by the Department of Veterans Affairs, suggests that wider use of Paxlovid won't just stave off critical disease",
"China on Sunday reported its highest number of new COVID-19 infections in six months, a day after health officials said they were sticking with strict coronavirus curbs, likely disappointing recent investor hopes for an easing.  China recorded 4,610 new COVID-19 infections on Saturday, of which 588 were symptomatic and 4,022 were asymptomatic, the National Health Commission said, the most since May 6 and compared with 3,837 new cases a day earlier, of which 657 were symptomatic.  While case numbers are extremely low by global standards, China has stuck with a zero-COVID approach nearly three years into the pandemic that involves lockdowns, quarantines, frequent testing and a drastic decrease in inbound travel.",
,
"Vimeo, Inc. (NASDAQ:NASDAQ:VMEO) Q3 2022 Earnings Conference Call November 03, 2022 08:30 AM ET Company Participants Anjali Sud - CEO Gillian Munson - CFO Conference Call Participants Bill...",
The Netherlands pulled off a shock 13-run win in Adelaide on Sunday to send South Africa crashing out of the Twenty20 World Cup.,
Yordan Alvarez smashed a three-run homer and the Houston Astros captured their second World Series in six seasons on Saturday with a 4-1 victory over Philadelphia.,
"A Sri Lankan cricketer was arrested and charged Sunday over the alleged sexual assault of a woman in Sydney, police said, just hours after the national team lost to England in the Twenty20 World Cup.",
"Sunak made a last-minute decision on Nov. 2 to participate in the climate talks, reversing a plan much criticised by environmental activists and political opponents to skip the annual gathering",
Baker Finally Wins 1st Series Title as Manager With Astros,
"In the weeks leading up to the COP27 climate change summit in Egypt, groups of climate activists have staged a number of related protests",
"With  burning rubber under the neon lights, Formula One gave its fans a taste Saturday of what they can expect from next year’s Las Vegas Grand Prix while the sport’s leaders promised that this time the sport is in Sin City for the long run.",
"The team beat the Philadelphia Phillies four games to two, winning its first title since a sign-stealing scandal tarnished their 2017 championship in the eyes of many fans.",
"A businessman accused by the US of breaking international sanctions by transporting fuel to North Korea is currently in Singapore and has been under investigation there, the city-state’s police said.",
"Most Americans neither like nor dislike Latter-day Saints, and 1 in 3 Americans think they practice polygamy. SALT LAKE CITY, Nov. 5, 2022 /PRNewswire-PRWeb/ -- A new survey conducted by the B. H. Roberts Foundation",
NZ's Ardern Unveils Childcare Subsidy in Cost-of-Living Relief,
"The Milwaukee Bucks didn't miss a beat with two-time NBA MVP Giannis Antetokounmpo sidelined for the first time this season, pushing their record to 9-0 Saturday with a 108-94 victory over Oklahoma City.",
"Dixie Group (NASDAQ:NASDAQ:DXYN) Q3 2022 Earnings Conference Call November 3, 2022 14:00 ET Company Participants Dan Frierson - Chairman and Chief Executive Officer Allen Danzey - Chief...",
"After getting clearance from the concerned ministry, two male cheetahs were released in a acclimatisation enclosure of Kuno National Park in Madhya Pradesh's Sheopur district on Saturday",
"The quake rocked at 7:03 a.m. Jakarta time, with the epicenter at 69 km southwest of Kepulauan Sitaro district and the depth at 255 km under the seabed",
"Great Elm Capital Corp. (NASDAQ:NASDAQ:GECC) Q3 2022 Earnings Conference Call November 3, 2022 11:00 ET Company Participants Garrett Edson - Investor Relations Matt Kaplan - Chief Executive...",
Pakistan in 'perilous situation' after Khan assassination bid,
Pakistan in 'perilous situation' after Khan assassination bid,
"The assassination attempt on former prime minister Imran Khan and his accusation it was a plot involving a senior intelligence officer has pushed Pakistan into a ""dangerous phase"", analysts say.",
"Shenandoah Telecommunications Company (NASDAQ:NASDAQ:SHEN) Q3 2022 Earnings Conference Call November 02, 2022 08:30 AM ET Company Participants Kirk Andrews - Director, Financial Planning...",
"Willscot Mobile Mini Holdings Corp (NASDAQ:NASDAQ:WSC) Q3 2022 Earnings Conference Call November 03, 2022, 10:00 ET Company Participants Nick Girardi - Director, Treasury & IR Bradley...",
"U.S. Physical Therapy, Inc.",
"Urban One, Inc. (NASDAQ:NASDAQ:UONE) Q3 2022 Earnings Conference Call November 03, 2022, 10:00 ET Company Participants Alfred Liggins - CEO, President, Treasurer & Director Peter...",
"Broadstone Net Lease, Inc. (NYSE:NYSE:BNL) Q3 2022 Earnings Conference Call November 03, 2022, 11:00 ET Company Participants Michael Caruso - SVP, Corporate Finance & IR Christopher...",
"The recurring problem of farm fires from the neighbouring states contributed 21 per cent to PM2.5 in Delhi, which was 34 per cent on Friday",
The paper quoted unnamed people familiar with the discussions as saying that the request by American officials was not aimed at pushing Ukraine to the negotiating table,
"If we want to find a potential multi-bagger, often there are underlying trends that can provide clues. One common...",
"Before you take on a roommate, here are some things to consider about what a bad roommate can do to ruin your home",
"Pfizer Inc.’s blockbuster Paxlovid antiviral that lowers rates of illness and death in people infected with the coronavirus also cuts the risk of some symptoms of disabling long Covid, a study found.",
"Watts Water Technologies, Inc. (NYSE:NYSE:WTS) Q3 2022 Earnings Conference Call November 03, 2022, 09:00 ET Company Participants Diane McClintock - SVP, FP&A and IR Robert Pagano -...",
Elon Musk's newly acquired micro-blogging platform Twitter has announced that the application will soon allow users to add long-form text to their tweets,
"Bristow Group, Inc. (NYSE:NYSE:VTOL) Q2 2023 Earnings Conference Call November 03, 2022, 10:00 ET Company Participants Redeate Tilahun - IR Christopher Bradshaw - President, CEO &...",
"RPT Realty (NYSE:NYSE:RPT) Q3 2022 Earnings Conference Call November 03, 2022 10:00 AM ET Company Participants Craig Benigno – Investor Relations Brian Harper – President and Chief...",
"Trinseo PLC (NYSE:NYSE:TSE) Q3 2022 Earnings Conference Call November 03, 2022, 10:00 ET Company Participants Andrew Myers - Finance Director, Corporate FP&A & IR Frank Bozich -...",
"Thryv Holdings, Inc. (NASDAQ:NASDAQ:THRY) Q3 2022 Earnings Conference Call November 03, 2022, 08:30 ET Company Participants Cameron Lessard - Director, IR & Capital Markets Joseph Walsh...",
"Tecnoglass, Inc. (NYSE:NYSE:TGLS) Q3 2022 Earnings Conference Call November 03, 2022, 10:00 ET Company Participants Brad Cray - ICR Jose Manuel - CEO & Director Christian Daes - COO...",
"Some stocks are best avoided. We really hate to see fellow investors lose their hard-earned money. For example, we...",
"Stoneridge, Inc. (NYSE:NYSE:SRI) Q3 2022 Earnings Conference Call November 03, 2022, 09:00 ET Company Participants Kelly Harvey - Director, IR Jonathan DeGaynor - CEO, President &...",
"Smurfit Kappa Group PLC (OTCPK:SMFTF) Q3 2022 Earnings Conference Call November 02, 2022, 04:00 ET Company Participants Anthony Smurfit - Group CEO & Executive Director Ken Bowles -...",
"Stabilis Solutions, Inc. (NASDAQ:NASDAQ:SLNG) Q3 2022 Earnings Conference Call November 03, 2022, 10:00 ET Company Participants Westervelt Ballard - President, CEO & Director Andrew...",
"Sherritt International Corporation (OTCPK:SHERF) Q3 2022 Earnings Conference Call November 03, 2022, 10:00 ET Company Participants Lucy Chitilian - Director, Investor Relations Leon...",
"Orthofix Medical, Inc. (NASDAQ:NASDAQ:OFIX) Q3 2022 Earnings Conference Call November 03, 2022, 08:30 ET Company Participants Alexa Huerta - Senior Director, IR Jon Serbousek - President,...",
"James River Group Holdings Ltd (NASDAQ:NASDAQ:JRVR) Q3 2022 Earnings Conference Call November 02, 2022, 08:00 ET Company Participants Brett Shirreffs - SVP, Finance, Investments & Head,...",
"Intevac, Inc. (NASDAQ:NASDAQ:IVAC) Q3 2022 Earnings Conference Call November 02, 2022, 16:30 ET Company Participants Claire McAdams - IR Counsel Nigel Hunton - President, CEO & Director...",
"IVERIC bio, Inc. (NASDAQ:NASDAQ:ISEE) Q3 2022 Earnings Conference Call November 03, 2022, 08:00 ET Company Participants Kathy Galante - SVP, IR & Corporate Communications Glenn...",
"Hexagon Composites ASA (OTCPK:HXGCF) Q3 2022 Earnings Conference Call November 03, 2022, 03:30 ET Company Participants Karen Romer - SVP, Communications Jon Engeset - Group President &...",
"Frontdoor, Inc. (NASDAQ:NASDAQ:FTDR) Q3 2022 Earnings Conference Call November 03, 2022, 08:30 ET Company Participants Matthew Davis - VP, IR & Treasurer William Cobb - CEO &...",
"Federal Signal Corporation (NYSE:NYSE:FSS) Q3 2022 Earnings Conference Call November 03, 2022, 10:00 ET Company Participants Ian Hudson - SVP & CFO Jennifer Sherman - President, CEO...",
"Franklin Street Properties Corporation (NYSE:NYSE:FSP) Q3 2022 Earnings Conference Call November 02, 2022, 11:00 ET Company Participants Scott Carter - EVP, General Counsel & Secretary...",
"5N Plus, Inc. (OTCPK:FPLSF) Q3 2022 Earnings Conference Call November 02, 2022, 08:00 ET Company Participants Richard Perron - CFO Gervais Jacques - President, CEO & Director Conference...",
"Frontera Energy Corporation (OTCPK:FECCF) Q3 2022 Earnings Conference Call November 02, 2022, 10:00 ET Company Participants Gabriel de Alba - Independent Chairman Orlando Cabrales - CEO...",
Assam Chief Minister Himanta Biswa Sarma on Saturday said that Assam and Meghalaya will work with the Indian Army to transform the Umiam lake into a world-class venue for aquatic sports,
French President Emmanuel Macron released a selfie video on social media platforms Saturday asking the public to send him questions about what France should do about climate change and biodiversity,
Twitter starts rolling out new paid subscription,
"Calibre Mining Corporation (OTCQX:CXBMF) Q3 2022 Earnings Conference Call November 02, 2022, 09:00 ET Company Participants Ryan King - SVP, Corporate Development & IR Darren Hall -...",
"CRA International, Inc. (NASDAQ:NASDAQ:CRAI) Q3 2022 Earnings Conference Call November 03, 2022, 10:00 ET Company Participants Daniel Mahoney - CFO, EVP & Treasurer Paul Maleh -...",
"CommScope Holding Company, Inc. (NASDAQ:NASDAQ:COMM) Q3 2022 Earnings Conference Call November 03, 2022, 08:30 ET Company Participants Michael McCloskey - Director, IR Charles Treadway -...",
"BK Technologies Corporation (NYSE:NYSE:BKTI) Q3 2022 Earnings Conference Call November 03, 2022, 09:00 ET Company Participants John Suzuki - CEO & Director John Nesbett - IMS Investor...",
"Amryt Pharma PLC (NASDAQ:NASDAQ:AMYT) Q3 2022 Earnings Conference Call November 03, 2022, 08:30 ET Company Participants Simon Loughrey - Group Financial Controller Joseph Wiley - CEO &...",
"AMG Advanced Metallurgical Group N.V. (OTCPK:AMVMF) Q3 2022 Earnings Conference Call November 03, 2022, 10:00 ET Company Participants Michele Fischer - VP, IR Heinz Schimmelbusch - Chairman...",
"Allied Motion Technologies, Inc. (NASDAQ:NASDAQ:AMOT) Q3 2022 Earnings Conference Call November 03, 2022, 10:00 ET Company Participants Craig Mychajluk - Kei Advisors Richard Warzala -...",
Around 200 residents of Tibet's capital Lhasa were detained in the wake of massive protests last week after China imposed covid lockdown that restricted the residents to their homes,
"Westlake Chemical Partners LP (NYSE:NYSE:WLKP) Q3 2022 Earnings Conference Call November 03, 2022 01:00 PM ET Company Participants Jeff Holy - Vice President and Treasurer Albert Chao -...",
Bommai said the state government will launch more farmer-friendly programmes which included giving loan to 10 lakh additional farmers from the current academic year,
"'The only way to save democracy is if we, together, fight for it'",
"From PM Modi's upcoming rally in poll-bound Gujarat to Musk's Twitter charging $8 for blue tick, catch all the live updates from across the globe here",
Stem's fiscal 2022 third quarter earnings saw revenue growth come in at nearly 150% to reach its highest quarterly record.,
The volatility of the stock market continues and the focus of much of the investment community remains upon the Federal Reserve.,
"Donald Trump suggested an announcement that he plans to make another White House bid is imminent and attacked Florida Governor Ron DeSantis at a rally in Pennsylvania, a sign the former president is training his ire on a potential chief rival in a 2024 GOP primary.",
The Iranian foreign minister stressed that his country adheres to the continuation of nuclear negotiations for the revival of the nuclear agreement,
India's Pooja (70kg) suffered a 0-5 defeat against Kazakhstan's Dariga Shakimova in the quarter finals bout,
"A weekly summary of dividend activity for Dividend Champions, Contenders, and Challengers. Companies which changed their dividends. Companies with upcoming ex-dividend dates.",
"Shares of med-tech firm TransMedics (US:TMDX) finished the week with a spectacular 24% rally as investor appetite soared following the release of third quarter results. The stock even reached an all time high of $58.90 during mid morning trading, an achievement rarely being seen",
"With three days left until Election Day, President Donald Trump appeared to support Republican gubernatorial nominee Doug Mastriano during a rally in Latrobe, Pennsylvania.",
"On October 31, 2022, Smart China Expo Kaizhou Forum on the Construction of Digital Government took place in Kaizhou District, Chongqing. Experts, researchers and business representatives tackled the topic of how to build an effective digital government, and how such a government would yield new opportunities for the development of public services, rural areas and industries.",
"LIMA — Thousands of people took to the streets across Peru on Saturday to demand the resignation of embattled President Pedro Castillo, a leftist whose…",
Pakistan Tehreek-e-Insaf leader Hammad Azhar said that former Pakistan Prime Minister Imran Khan will return to the political arena in two to three days.,
The North Korea's latest 'provocation' came on the last day of the extended large-scale combined air drills of the South Korea and the US,
"CHONGQING, China, Nov. 5, 2022 /PRNewswire/ -- On October 31, 2022, Smart China Expo Kaizhou Forum on the Construction of Digital Government took place in Kaizhou District, Chongqing. Experts, researchers and business",
Arif Khan is in-charge of the Bharat Jodo Yatra of Nanded District and is looking at the overall management of the Yatra along with Maharashtra Congress in-charge HK Patil and former CM Ashok Chavan,
"IRadimed Corporation (NASDAQ:NASDAQ:IRMD) Q3 2022 Earnings Conference Call November 03, 2022 11:00 AM ET Company Participants Roger Susi - President and Chief Executive Officer Jack Glenn -...",
"""Doug is a fighter and a warrior for the America First agenda and the people of this great Commonwealth."" LATROBE, Pa. , Nov. 5, 2022 /PRNewswire/ -- With three days left until Election Day, President Donald",
Alex Ovechkin broke the National Hockey League record for most goals with one team on Saturday by scoring his 787th for the Washington Capitals in a 3-2 loss to Arizona.,
Gareth Bale said Saturday he is still battling through fitness issues as he turns his attention to the World Cup after a dramatic game-saving cameo set up Los Angeles FC's MLS Cup triumph.,
"Companhia Brasileira de Distribuição (NYSE:NYSE:CBD) Q3 2022 Earnings Conference Call November 4, 2022 9:00 AM ET Company Participants Marcelo Pimentel – Chief Executive Officer Guillaume...",
"For the moment, investors remain convinced that the Fed is on a course that ultimately will bring the economy to its knees",
"Colin Ackermann's whirlwind unbeaten 41 steered the Netherlands to 158-4 at the Twenty20 World Cup in Adelaide, in a match South Africa must win to seal a semi-finals spot.",
"As per the rules, both the candidates as well as the political parties have to publish complete details about the criminal antecedents",
"'The party is planning to contest 30 Assembly seats that includes Muslims, Dalits, tribal and even general-dominated seats'",
"Digimarc Corporation (NASDAQ:NASDAQ:DMRC) Q3 2022 Earnings Conference Call November 3, 2022 5:00 PM ET Company Participants Joel Meyer – Chief Legal Officer Charles Beck – Chief Financial...",
1Life Healthcare has recently been the target of an acquisition by Amazon for $18/share. See why I would suggest AMZN has overpaid for ONEM.,
Ease into the new week,
"China recorded 4,610 new Covid-19 infections on Saturday, of which 588 were symptomatic and 4,022 were asymptomatic, the National Health Commission said, the most since May 6",
"SHANGHAI, Nov. 5, 2022 /PRNewswire/ -- The fifth China International Import Expo (CIIE) is currently under way at National Exhibition and Convention Center. ZEISS, a global leader in optics and optoelectronics, is making",
"Vital Farms, Inc. (NASDAQ:NASDAQ:VITL) Q3 2022 Earnings Conference Call November 3, 2022, 8:30 AM ET Company Participants Matt Siler - Vice President, Investor Relations Russell...",
It's one of the 20th century's most iconic photos: British archaeologist Howard Carter inspecting the sarcophagus of Tutankhamun in 1922 as an Egyptian member of his team crouches nearby shrouded in shadow.,
"'Cool, Sophisticated' Duran Duran Enter Rock Hall of Fame",
"The research, based on an analysis of electronic health records in databases maintained by the Department of Veterans Affairs, suggests that wider use of Paxlovid won't just stave off critical disease",
"China on Sunday reported its highest number of new COVID-19 infections in six months, a day after health officials said they were sticking with strict coronavirus curbs, likely disappointing recent investor hopes for an easing.  China recorded 4,610 new COVID-19 infections on Saturday, of which 588 were symptomatic and 4,022 were asymptomatic, the National Health Commission said, the most since May 6 and compared with 3,837 new cases a day earlier, of which 657 were symptomatic.  While case numbers are extremely low by global standards, China has stuck with a zero-COVID approach nearly three years into the pandemic that involves lockdowns, quarantines, frequent testing and a drastic decrease in inbound travel.",
,
"Vimeo, Inc. (NASDAQ:NASDAQ:VMEO) Q3 2022 Earnings Conference Call November 03, 2022 08:30 AM ET Company Participants Anjali Sud - CEO Gillian Munson - CFO Conference Call Participants Bill...",
The Netherlands pulled off a shock 13-run win in Adelaide on Sunday to send South Africa crashing out of the Twenty20 World Cup.,
Yordan Alvarez smashed a three-run homer and the Houston Astros captured their second World Series in six seasons on Saturday with a 4-1 victory over Philadelphia.,
"A Sri Lankan cricketer was arrested and charged Sunday over the alleged sexual assault of a woman in Sydney, police said, just hours after the national team lost to England in the Twenty20 World Cup.",
"Sunak made a last-minute decision on Nov. 2 to participate in the climate talks, reversing a plan much criticised by environmental activists and political opponents to skip the annual gathering",
Baker Finally Wins 1st Series Title as Manager With Astros,
"In the weeks leading up to the COP27 climate change summit in Egypt, groups of climate activists have staged a number of related protests",
"With  burning rubber under the neon lights, Formula One gave its fans a taste Saturday of what they can expect from next year’s Las Vegas Grand Prix while the sport’s leaders promised that this time the sport is in Sin City for the long run.",
"The team beat the Philadelphia Phillies four games to two, winning its first title since a sign-stealing scandal tarnished their 2017 championship in the eyes of many fans.",
"A businessman accused by the US of breaking international sanctions by transporting fuel to North Korea is currently in Singapore and has been under investigation there, the city-state’s police said.",
"Most Americans neither like nor dislike Latter-day Saints, and 1 in 3 Americans think they practice polygamy. SALT LAKE CITY, Nov. 5, 2022 /PRNewswire-PRWeb/ -- A new survey conducted by the B. H. Roberts Foundation",
NZ's Ardern Unveils Childcare Subsidy in Cost-of-Living Relief,
"The Milwaukee Bucks didn't miss a beat with two-time NBA MVP Giannis Antetokounmpo sidelined for the first time this season, pushing their record to 9-0 Saturday with a 108-94 victory over Oklahoma City.",
"Dixie Group (NASDAQ:NASDAQ:DXYN) Q3 2022 Earnings Conference Call November 3, 2022 14:00 ET Company Participants Dan Frierson - Chairman and Chief Executive Officer Allen Danzey - Chief...",
"After getting clearance from the concerned ministry, two male cheetahs were released in a acclimatisation enclosure of Kuno National Park in Madhya Pradesh's Sheopur district on Saturday",
"The quake rocked at 7:03 a.m. Jakarta time, with the epicenter at 69 km southwest of Kepulauan Sitaro district and the depth at 255 km under the seabed",
"Great Elm Capital Corp. (NASDAQ:NASDAQ:GECC) Q3 2022 Earnings Conference Call November 3, 2022 11:00 ET Company Participants Garrett Edson - Investor Relations Matt Kaplan - Chief Executive...",
Pakistan in 'perilous situation' after Khan assassination bid,
"The assassination attempt on former prime minister Imran Khan and his accusation it was a plot involving a senior intelligence officer has pushed Pakistan into a ""dangerous phase"", analysts say.",
"Shenandoah Telecommunications Company (NASDAQ:NASDAQ:SHEN) Q3 2022 Earnings Conference Call November 02, 2022 08:30 AM ET Company Participants Kirk Andrews - Director, Financial Planning...",
"Willscot Mobile Mini Holdings Corp (NASDAQ:NASDAQ:WSC) Q3 2022 Earnings Conference Call November 03, 2022, 10:00 ET Company Participants Nick Girardi - Director, Treasury & IR Bradley...",
"U.S. Physical Therapy, Inc.",
"Urban One, Inc. (NASDAQ:NASDAQ:UONE) Q3 2022 Earnings Conference Call November 03, 2022, 10:00 ET Company Participants Alfred Liggins - CEO, President, Treasurer & Director Peter...",
"Broadstone Net Lease, Inc. (NYSE:NYSE:BNL) Q3 2022 Earnings Conference Call November 03, 2022, 11:00 ET Company Participants Michael Caruso - SVP, Corporate Finance & IR Christopher...",
"The recurring problem of farm fires from the neighbouring states contributed 21 per cent to PM2.5 in Delhi, which was 34 per cent on Friday",
The paper quoted unnamed people familiar with the discussions as saying that the request by American officials was not aimed at pushing Ukraine to the negotiating table,
"If we want to find a potential multi-bagger, often there are underlying trends that can provide clues. One common...",
"Before you take on a roommate, here are some things to consider about what a bad roommate can do to ruin your home",
"Pfizer Inc.’s blockbuster Paxlovid antiviral that lowers rates of illness and death in people infected with the coronavirus also cuts the risk of some symptoms of disabling long Covid, a study found.",
"Watts Water Technologies, Inc. (NYSE:NYSE:WTS) Q3 2022 Earnings Conference Call November 03, 2022, 09:00 ET Company Participants Diane McClintock - SVP, FP&A and IR Robert Pagano -...",
Elon Musk's newly acquired micro-blogging platform Twitter has announced that the application will soon allow users to add long-form text to their tweets,
"Bristow Group, Inc. (NYSE:NYSE:VTOL) Q2 2023 Earnings Conference Call November 03, 2022, 10:00 ET Company Participants Redeate Tilahun - IR Christopher Bradshaw - President, CEO &...",
"RPT Realty (NYSE:NYSE:RPT) Q3 2022 Earnings Conference Call November 03, 2022 10:00 AM ET Company Participants Craig Benigno – Investor Relations Brian Harper – President and Chief...",
"Trinseo PLC (NYSE:NYSE:TSE) Q3 2022 Earnings Conference Call November 03, 2022, 10:00 ET Company Participants Andrew Myers - Finance Director, Corporate FP&A & IR Frank Bozich -...",
"Thryv Holdings, Inc. (NASDAQ:NASDAQ:THRY) Q3 2022 Earnings Conference Call November 03, 2022, 08:30 ET Company Participants Cameron Lessard - Director, IR & Capital Markets Joseph Walsh...",
"Tecnoglass, Inc. (NYSE:NYSE:TGLS) Q3 2022 Earnings Conference Call November 03, 2022, 10:00 ET Company Participants Brad Cray - ICR Jose Manuel - CEO & Director Christian Daes - COO...",
"Some stocks are best avoided. We really hate to see fellow investors lose their hard-earned money. For example, we...",
"Stoneridge, Inc. (NYSE:NYSE:SRI) Q3 2022 Earnings Conference Call November 03, 2022, 09:00 ET Company Participants Kelly Harvey - Director, IR Jonathan DeGaynor - CEO, President &...",
"Smurfit Kappa Group PLC (OTCPK:SMFTF) Q3 2022 Earnings Conference Call November 02, 2022, 04:00 ET Company Participants Anthony Smurfit - Group CEO & Executive Director Ken Bowles -...",
"Stabilis Solutions, Inc. (NASDAQ:NASDAQ:SLNG) Q3 2022 Earnings Conference Call November 03, 2022, 10:00 ET Company Participants Westervelt Ballard - President, CEO & Director Andrew...",
"Sherritt International Corporation (OTCPK:SHERF) Q3 2022 Earnings Conference Call November 03, 2022, 10:00 ET Company Participants Lucy Chitilian - Director, Investor Relations Leon...",
"Orthofix Medical, Inc. (NASDAQ:NASDAQ:OFIX) Q3 2022 Earnings Conference Call November 03, 2022, 08:30 ET Company Participants Alexa Huerta - Senior Director, IR Jon Serbousek - President,...",
"James River Group Holdings Ltd (NASDAQ:NASDAQ:JRVR) Q3 2022 Earnings Conference Call November 02, 2022, 08:00 ET Company Participants Brett Shirreffs - SVP, Finance, Investments & Head,...",
"Intevac, Inc. (NASDAQ:NASDAQ:IVAC) Q3 2022 Earnings Conference Call November 02, 2022, 16:30 ET Company Participants Claire McAdams - IR Counsel Nigel Hunton - President, CEO & Director...",
"IVERIC bio, Inc. (NASDAQ:NASDAQ:ISEE) Q3 2022 Earnings Conference Call November 03, 2022, 08:00 ET Company Participants Kathy Galante - SVP, IR & Corporate Communications Glenn...",
"Hexagon Composites ASA (OTCPK:HXGCF) Q3 2022 Earnings Conference Call November 03, 2022, 03:30 ET Company Participants Karen Romer - SVP, Communications Jon Engeset - Group President &...",
"Frontdoor, Inc. (NASDAQ:NASDAQ:FTDR) Q3 2022 Earnings Conference Call November 03, 2022, 08:30 ET Company Participants Matthew Davis - VP, IR & Treasurer William Cobb - CEO &...",
"Federal Signal Corporation (NYSE:NYSE:FSS) Q3 2022 Earnings Conference Call November 03, 2022, 10:00 ET Company Participants Ian Hudson - SVP & CFO Jennifer Sherman - President, CEO...",
"Franklin Street Properties Corporation (NYSE:NYSE:FSP) Q3 2022 Earnings Conference Call November 02, 2022, 11:00 ET Company Participants Scott Carter - EVP, General Counsel & Secretary...",
"5N Plus, Inc. (OTCPK:FPLSF) Q3 2022 Earnings Conference Call November 02, 2022, 08:00 ET Company Participants Richard Perron - CFO Gervais Jacques - President, CEO & Director Conference...",
"Frontera Energy Corporation (OTCPK:FECCF) Q3 2022 Earnings Conference Call November 02, 2022, 10:00 ET Company Participants Gabriel de Alba - Independent Chairman Orlando Cabrales - CEO...",
Assam Chief Minister Himanta Biswa Sarma on Saturday said that Assam and Meghalaya will work with the Indian Army to transform the Umiam lake into a world-class venue for aquatic sports,
French President Emmanuel Macron released a selfie video on social media platforms Saturday asking the public to send him questions about what France should do about climate change and biodiversity,
Twitter starts rolling out new paid subscription,
"Calibre Mining Corporation (OTCQX:CXBMF) Q3 2022 Earnings Conference Call November 02, 2022, 09:00 ET Company Participants Ryan King - SVP, Corporate Development & IR Darren Hall -...",
"CRA International, Inc. (NASDAQ:NASDAQ:CRAI) Q3 2022 Earnings Conference Call November 03, 2022, 10:00 ET Company Participants Daniel Mahoney - CFO, EVP & Treasurer Paul Maleh -...",
"CommScope Holding Company, Inc. (NASDAQ:NASDAQ:COMM) Q3 2022 Earnings Conference Call November 03, 2022, 08:30 ET Company Participants Michael McCloskey - Director, IR Charles Treadway -...",
"BK Technologies Corporation (NYSE:NYSE:BKTI) Q3 2022 Earnings Conference Call November 03, 2022, 09:00 ET Company Participants John Suzuki - CEO & Director John Nesbett - IMS Investor...",
"Amryt Pharma PLC (NASDAQ:NASDAQ:AMYT) Q3 2022 Earnings Conference Call November 03, 2022, 08:30 ET Company Participants Simon Loughrey - Group Financial Controller Joseph Wiley - CEO &...",
"AMG Advanced Metallurgical Group N.V. (OTCPK:AMVMF) Q3 2022 Earnings Conference Call November 03, 2022, 10:00 ET Company Participants Michele Fischer - VP, IR Heinz Schimmelbusch - Chairman...",
"Allied Motion Technologies, Inc. (NASDAQ:NASDAQ:AMOT) Q3 2022 Earnings Conference Call November 03, 2022, 10:00 ET Company Participants Craig Mychajluk - Kei Advisors Richard Warzala -...",
Around 200 residents of Tibet's capital Lhasa were detained in the wake of massive protests last week after China imposed covid lockdown that restricted the residents to their homes,
"Westlake Chemical Partners LP (NYSE:NYSE:WLKP) Q3 2022 Earnings Conference Call November 03, 2022 01:00 PM ET Company Participants Jeff Holy - Vice President and Treasurer Albert Chao -...",
Bommai said the state government will launch more farmer-friendly programmes which included giving loan to 10 lakh additional farmers from the current academic year,
"'The only way to save democracy is if we, together, fight for it'",
"From PM Modi's upcoming rally in poll-bound Gujarat to Musk's Twitter charging $8 for blue tick, catch all the live updates from across the globe here",
Stem's fiscal 2022 third quarter earnings saw revenue growth come in at nearly 150% to reach its highest quarterly record.,
The volatility of the stock market continues and the focus of much of the investment community remains upon the Federal Reserve.,
"Donald Trump suggested an announcement that he plans to make another White House bid is imminent and attacked Florida Governor Ron DeSantis at a rally in Pennsylvania, a sign the former president is training his ire on a potential chief rival in a 2024 GOP primary.",
The Iranian foreign minister stressed that his country adheres to the continuation of nuclear negotiations for the revival of the nuclear agreement,
India's Pooja (70kg) suffered a 0-5 defeat against Kazakhstan's Dariga Shakimova in the quarter finals bout,
"A weekly summary of dividend activity for Dividend Champions, Contenders, and Challengers. Companies which changed their dividends. Companies with upcoming ex-dividend dates.",
"Shares of med-tech firm TransMedics (US:TMDX) finished the week with a spectacular 24% rally as investor appetite soared following the release of third quarter results. The stock even reached an all time high of $58.90 during mid morning trading, an achievement rarely being seen",
"With three days left until Election Day, President Donald Trump appeared to support Republican gubernatorial nominee Doug Mastriano during a rally in Latrobe, Pennsylvania.",
"On October 31, 2022, Smart China Expo Kaizhou Forum on the Construction of Digital Government took place in Kaizhou District, Chongqing. Experts, researchers and business representatives tackled the topic of how to build an effective digital government, and how such a government would yield new opportunities for the development of public services, rural areas and industries.",
"LIMA — Thousands of people took to the streets across Peru on Saturday to demand the resignation of embattled President Pedro Castillo, a leftist whose…",
Pakistan Tehreek-e-Insaf leader Hammad Azhar said that former Pakistan Prime Minister Imran Khan will return to the political arena in two to three days.,
The North Korea's latest 'provocation' came on the last day of the extended large-scale combined air drills of the South Korea and the US,
"CHONGQING, China, Nov. 5, 2022 /PRNewswire/ -- On October 31, 2022, Smart China Expo Kaizhou Forum on the Construction of Digital Government took place in Kaizhou District, Chongqing. Experts, researchers and business",
Arif Khan is in-charge of the Bharat Jodo Yatra of Nanded District and is looking at the overall management of the Yatra along with Maharashtra Congress in-charge HK Patil and former CM Ashok Chavan,
"IRadimed Corporation (NASDAQ:NASDAQ:IRMD) Q3 2022 Earnings Conference Call November 03, 2022 11:00 AM ET Company Participants Roger Susi - President and Chief Executive Officer Jack Glenn -...",
"""Doug is a fighter and a warrior for the America First agenda and the people of this great Commonwealth."" LATROBE, Pa. , Nov. 5, 2022 /PRNewswire/ -- With three days left until Election Day, President Donald",
Alex Ovechkin broke the National Hockey League record for most goals with one team on Saturday by scoring his 787th for the Washington Capitals in a 3-2 loss to Arizona.,
Gareth Bale said Saturday he is still battling through fitness issues as he turns his attention to the World Cup after a dramatic game-saving cameo set up Los Angeles FC's MLS Cup triumph.,
"Companhia Brasileira de Distribuição (NYSE:NYSE:CBD) Q3 2022 Earnings Conference Call November 4, 2022 9:00 AM ET Company Participants Marcelo Pimentel – Chief Executive Officer Guillaume...",
"For the moment, investors remain convinced that the Fed is on a course that ultimately will bring the economy to its knees",
"Colin Ackermann's whirlwind unbeaten 41 steered the Netherlands to 158-4 at the Twenty20 World Cup in Adelaide, in a match South Africa must win to seal a semi-finals spot.",
